query,positive
Как сменить пароль?,Инструкция по смене пароля
Как восстановить доступ к аккаунту?,Процедура восстановления доступа
Что делать при ошибке входа?,Решение проблем при авторизации
Как проверить статус теста?,Инструкция по проверке выполнения тестов
Что значит ошибка 403?,Описание ошибки доступа 403
Как протестировать API?,Пошаговая инструкция тестирования API
Как получить доступ к логам?,Инструкция по получению логов
Что такое smoke тест?,Определение и пример smoke-теста
Где задать требования к фиче?,Место хранения требований к функционалу
Что делать при баге в проде?,Алгоритм действий при баге в продакшене
